{
    "704978894595555328.900047010365861928": 35,
    "917132639436157008.900047010365861928": 2,
    "917132639436157008.816933472371081237": 73,
    "796882807695605772.838380341223358485": 46,
    "929635384797831189.838380341223358485": 85,
    "892002552940494870.828584951703797760": 37,
    "675040445490790410.263476978605228038": 80,
    "263476978605228038.675040445490790410": 30,
    "872237755806138400.863045182442438666": 58,
    "872237755806138400.932211711245713459": 38,
    "914011646597406740.872237755806138400": 53,
    "914011646597406740.582914178160001045": 70,
    "914011646597406740.863045182442438666": 1,
    "914011646597406740.895413674196500481": 86,
    "914011646597406740.456792622451654657": 73,
    "914011646597406740.755845800701198386": 9,
    "914011646597406740.742885727624233030": 37,
    "582914178160001045.755845800701198386": 94,
    "872237755806138400.565954022830374922": 81,
    "806903080754872372.863045182442438666": 94,
    "806903080754872372.872237755806138400": 7,
    "582914178160001045.930422658401714236": 73,
    "863045182442438666.914011646597406740": 21,
    "863045182442438666.872237755806138400": 91,
    "863045182442438666.932211711245713459": 37,
    "914011646597406740.932211711245713459": 45,
    "872237755806138400.783020796922298398": 55,
    "914011646597406740.917471495171743804": 3,
    "872237755806138400.571404132687151118": 97,
    "806903080754872372.905515988399841280": 44,
    "806903080754872372.917471495171743804": 64,
    "912731224961855530.914011646597406740": 62,
    "780984890685784104.565954022830374922": 70,
    "812558823943700541.746307643798323220": 72,
    "888844048901754940.928959871443951626": 100,
    "696053835747033258.675040445490790410": 60,
    "464457189017518100.696053835747033258": 81,
    "812558823943700541.788670001275338803": 85,
    "586593877910093832.464457189017518100": 27,
    "464457189017518100.586593877910093832": 68,
    "664847742140678155.586593877910093832": 52,
    "664847742140678155.536577781136359445": 89,
    "586593877910093832.664847742140678155": 14,
    "586593877910093832.934570053263822858": 78,
    "764052113188978698.934570053263822858": 27,
    "664847742140678155.934570053263822858": 36,
    "470584300123979777.934570053263822858": 64,
    "696053835747033258.432235585080393729": 55,
    "664847742140678155.432235585080393729": 88,
    "464457189017518100.380729555578650635": 51,
    "764052113188978698.888966018909765663": 94,
    "675040445490790410.888966018909765663": 83,
    "764052113188978698.675040445490790410": 96,
    "675040445490790410.764052113188978698": 48,
    "432235585080393729.888966018909765663": 42,
    "764052113188978698.432235585080393729": 31,
    "764052113188978698.761177021778362370": 10,
    "764052113188978698.873111770703757323": 13,
    "675040445490790410.432235585080393729": 13,
    "432235585080393729.761177021778362370": 92,
    "675040445490790410.761177021778362370": 80,
    "675040445490790410.873111770703757323": 77,
    "664847742140678155.873111770703757323": 100,
    "761177021778362370.764052113188978698": 67,
    "761177021778362370.873111770703757323": 97,
    "675040445490790410.664847742140678155": 22,
    "761177021778362370.326456117704261632": 39,
    "764052113188978698.326456117704261632": 98,
    "675040445490790410.536577781136359445": 74,
    "675040445490790410.326456117704261632": 100,
    "664847742140678155.326456117704261632": 87,
    "764052113188978698.756085762788687912": 32,
    "565954022830374922.571404132687151118": 30,
    "432235585080393729.756085762788687912": 16,
    "927546691874357288.669233528361189416": 9,
    "914011646597406740.732945669509087363": 82,
    "914011646597406740.778600079471804476": 97,
    "914011646597406740.787289420181012480": 27,
    "927546691874357288.914011646597406740": 9,
    "905515988399841280.927546691874357288": 25,
    "905515988399841280.930422658401714236": 86,
    "905515988399841280.806903080754872372": 51,
    "905515988399841280.740862509535330314": 60,
    "905515988399841280.895810009303248897": 35,
    "927546691874357288.895810009303248897": 1,
    "669233528361189416.895810009303248897": 21,
    "905515988399841280.669233528361189416": 2,
    "927546691874357288.905515988399841280": 40,
    "927546691874357288.641978085394350120": 80,
    "912731224961855530.927546691874357288": 83,
    "565954022830374922.895810009303248897": 33,
    "565954022830374922.641978085394350120": 92,
    "895413674196500481.862675302173114380": 79,
    "895413674196500481.647755357178822668": 88,
    "895413674196500481.669233528361189416": 54,
    "895413674196500481.927546691874357288": 39,
    "647755357178822668.927546691874357288": 75,
    "647755357178822668.669233528361189416": 58,
    "647755357178822668.565954022830374922": 38,
    "647755357178822668.571404132687151118": 48,
    "912731224961855530.647755357178822668": 88,
    "912731224961855530.571404132687151118": 48,
    "895413674196500481.641978085394350120": 21,
    "263476978605228038.756085762788687912": 55,
    "903654338025627648.925404526503133244": 94,
    "903654338025627648.869883976158937178": 63,
    "903654338025627648.890530052826071051": 85,
    "903654338025627648.835767361524072468": 72,
    "470584300123979777.263476978605228038": 21,
    "263476978605228038.470584300123979777": 35,
    "536577781136359445.263476978605228038": 8,
    "263476978605228038.536577781136359445": 55,
    "536577781136359445.675040445490790410": 25,
    "572471970713829397.706819317865644043": 3,
    "706819317865644043.572471970713829397": 58,
    "793435898254852136.675040445490790410": 65,
    "675040445490790410.793435898254852136": 82,
    "826196806190628914.706819317865644043": 54,
    "912731224961855530.787289420181012480": 87,
    "823514189942882375.852894459422048338": 71,
    "927546691874357288.895413674196500481": 3,
    "565954022830374922.895413674196500481": 40,
    "687568910433910785.610332657917886486": 16,
    "610332657917886486.687568910433910785": 93,
    "687568910433910785.711231280905322676": 2,
    "687568910433910785.785564475703951370": 41,
    "687568910433910785.688067432665055253": 12,
    "536577781136359445.761177021778362370": 76,
    "761177021778362370.536577781136359445": 62,
    "664847742140678155.764052113188978698": 30,
    "664847742140678155.910452312810590248": 85,
    "935241949236047914.919022355194454057": 60,
    "705431229323018271.759055126924623893": 22,
    "812558823943700541.868142877010718780": 37,
    "432235585080393729.380729555578650635": 89,
    "793435898254852136.432235585080393729": 39,
    "793435898254852136.380729555578650635": 75,
    "795413232155754507.781850400239386645": 78,
    "781850400239386645.743436197442879548": 98,
    "743436197442879548.795413232155754507": 88,
    "781850400239386645.750418389515763792": 56,
    "795413232155754507.743436197442879548": 13,
    "743436197442879548.781850400239386645": 62,
    "781850400239386645.454772631955308575": 94,
    "812558823943700541.907314762491252786": 76,
    "470584300123979777.793435898254852136": 41,
    "906071243550261279.799043286463152158": 49,
    "799043286463152158.906071243550261279": 6,
    "818874590361026560.818726386154995752": 67,
    "904287521763106858.778240205891043368": 34,
    "818874590361026560.851715608768806943": 56,
    "904287521763106858.818726386154995752": 58,
    "818874590361026560.778240205891043368": 25,
    "904287521763106858.851715608768806943": 9,
    "818874590361026560.904287521763106858": 65,
    "818874590361026560.819197083184791554": 6,
    "778240205891043368.818726386154995752": 67,
    "904287521763106858.818874590361026560": 9,
    "778240205891043368.818874590361026560": 75,
    "904287521763106858.819197083184791554": 21,
    "778240205891043368.819197083184791554": 71,
    "263476978605228038.761177021778362370": 92,
    "263476978605228038.764052113188978698": 99,